id,电影详情链接,图片链接,标题,标题2,评分,评价人数,一句话概述,其他信息
1,https://movie.douban.com/subject/1292052/,https://img3.doubanio.com/view/photo/s_ratio_poster/public/p480747492.jpg,肖申克的救赎,The Shawshank Redemption,9.7,2166016,希望让人自由。,导演:弗兰克·德拉邦特FrankDarabont主演:蒂姆·罗宾斯TimRobbins/...1994/美国/犯罪剧情
2,https://movie.douban.com/subject/1291546/,https://img3.doubanio.com/view/photo/s_ratio_poster/public/p2561716440.jpg,霸王别姬,再见，我的妾  /  Farewell My Concubine,9.6,1605044,风华绝代。,导演:陈凯歌KaigeChen主演:张国荣LeslieCheung/张丰毅FengyiZha...1993/中国大陆中国香港/剧情爱情同性
3,https://movie.douban.com/subject/1292720/,https://img2.doubanio.com/view/photo/s_ratio_poster/public/p2372307693.jpg,阿甘正传,Forrest Gump,9.5,1635078,一部美国近现代史。,导演:罗伯特·泽米吉斯RobertZemeckis主演:汤姆·汉克斯TomHanks/...1994/美国/剧情爱情
4,https://movie.douban.com/subject/1295644/,https://img3.doubanio.com/view/photo/s_ratio_poster/public/p511118051.jpg,这个杀手不太冷,Léon,9.4,1820423,怪蜀黍和小萝莉不得不说的故事。,导演:吕克·贝松LucBesson主演:让·雷诺JeanReno/娜塔莉·波特曼...1994/法国美国/剧情动作犯罪
5,https://movie.douban.com/subject/1292722/,https://img9.doubanio.com/view/photo/s_ratio_poster/public/p457760035.jpg,泰坦尼克号,Titanic,9.4,1589294,失去的才是永恒的。,导演:詹姆斯·卡梅隆JamesCameron主演:莱昂纳多·迪卡普里奥Leonardo...1997/美国/剧情爱情灾难
6,https://movie.douban.com/subject/1292063/,https://img2.doubanio.com/view/photo/s_ratio_poster/public/p2578474613.jpg,美丽人生,La vita è bella,9.5,1015794,最美的谎言。,导演:罗伯托·贝尼尼RobertoBenigni主演:罗伯托·贝尼尼RobertoBeni...1997/意大利/剧情喜剧爱情战争
7,https://movie.douban.com/subject/1291561/,https://img1.doubanio.com/view/photo/s_ratio_poster/public/p2557573348.jpg,千与千寻,千と千尋の神隠し,9.4,1702693,最好的宫崎骏，最好的久石让。,导演:宫崎骏HayaoMiyazaki主演:柊瑠美RumiHîragi/入野自由Miy...2001/日本/剧情动画奇幻
8,https://movie.douban.com/subject/1295124/,https://img2.doubanio.com/view/photo/s_ratio_poster/public/p492406163.jpg,辛德勒的名单,Schindler's List,9.5,833332,拯救一个人，就是拯救整个世界。,导演:史蒂文·斯皮尔伯格StevenSpielberg主演:连姆·尼森LiamNeeson...1993/美国/剧情历史战争
9,https://movie.douban.com/subject/3541415/,https://img2.doubanio.com/view/photo/s_ratio_poster/public/p2616355133.jpg,盗梦空间,Inception,9.3,1590518,诺兰给了我们一场无法盗取的梦。,导演:克里斯托弗·诺兰ChristopherNolan主演:莱昂纳多·迪卡普里奥Le...2010/美国英国/剧情科幻悬疑冒险
10,https://movie.douban.com/subject/3011091/,https://img1.doubanio.com/view/photo/s_ratio_poster/public/p524964039.jpg,忠犬八公的故事,Hachi: A Dog's Tale,9.4,1085086,永远都不能忘记你所爱的人。,导演:莱塞·霍尔斯道姆LasseHallström主演:理查·基尔RichardGer...2009/美国英国/剧情
11,https://movie.douban.com/subject/1292001/,https://img9.doubanio.com/view/photo/s_ratio_poster/public/p2574551676.jpg,海上钢琴师,La leggenda del pianista sull'oceano,9.3,1296146,每个人都要走一条自己坚定了的路，就算是粉身碎骨。,导演:朱塞佩·托纳多雷GiuseppeTornatore主演:蒂姆·罗斯TimRoth/...1998/意大利/剧情音乐
12,https://movie.douban.com/subject/1889243/,https://img1.doubanio.com/view/photo/s_ratio_poster/public/p2614988097.jpg,星际穿越,Interstellar,9.3,1262770,爱是一种力量，让我们超越时空感知它的存在。,导演:克里斯托弗·诺兰ChristopherNolan主演:马修·麦康纳MatthewMc...2014/美国英国加拿大冰岛/剧情科幻冒险
13,https://movie.douban.com/subject/1292064/,https://img3.doubanio.com/view/photo/s_ratio_poster/public/p479682972.jpg,楚门的世界,The Truman Show,9.3,1177067,如果再也不能见到你，祝你早安，午安，晚安。,导演:彼得·威尔PeterWeir主演:金·凯瑞JimCarrey/劳拉·琳妮Lau...1998/美国/剧情科幻
14,https://movie.douban.com/subject/3793023/,https://img3.doubanio.com/view/photo/s_ratio_poster/public/p579729551.jpg,三傻大闹宝莱坞,3 Idiots,9.2,1446974,英俊版憨豆，高情商版谢耳朵。,导演:拉库马·希拉尼RajkumarHirani主演:阿米尔·汗AamirKhan/卡...2009/印度/剧情喜剧爱情歌舞
15,https://movie.douban.com/subject/2131459/,https://img3.doubanio.com/view/photo/s_ratio_poster/public/p1461851991.jpg,机器人总动员,WALL·E,9.3,1021395,小瓦力，大人生。,导演:安德鲁·斯坦顿AndrewStanton主演:本·贝尔特BenBurtt/艾丽...2008/美国/科幻动画冒险
16,https://movie.douban.com/subject/1291549/,https://img3.doubanio.com/view/photo/s_ratio_poster/public/p1910824951.jpg,放牛班的春天,Les choristes,9.3,1005275,天籁一般的童声，是最接近上帝的存在。,导演:克里斯托夫·巴拉蒂ChristopheBarratier主演:热拉尔·朱尼奥Gé...2004/法国瑞士德国/剧情音乐
17,https://movie.douban.com/subject/1292213/,https://img9.doubanio.com/view/photo/s_ratio_poster/public/p2455050536.jpg,大话西游之大圣娶亲,西遊記大結局之仙履奇緣,9.2,1154876,一生所爱。,导演:刘镇伟JeffreyLau主演:周星驰StephenChow/吴孟达ManTatNg...1995/中国香港中国大陆/喜剧爱情奇幻古装
18,https://movie.douban.com/subject/5912992/,https://img9.doubanio.com/view/photo/s_ratio_poster/public/p1363250216.jpg,熔炉,도가니,9.3,708023,我们一路奋战不是为了改变世界，而是为了不让世界改变我们。,导演:黄东赫Dong-hyukHwang主演:孔侑YooGong/郑有美Yu-miJung/...2011/韩国/剧情
19,https://movie.douban.com/subject/25662329/,https://img1.doubanio.com/view/photo/s_ratio_poster/public/p2614500649.jpg,疯狂动物城,Zootopia,9.2,1390456,迪士尼给我们营造的乌托邦就是这样，永远善良勇敢，永远出乎意料。,导演:拜伦·霍华德ByronHoward/瑞奇·摩尔RichMoore主演:金妮弗·...2016/美国/喜剧动画冒险
20,https://movie.douban.com/subject/1307914/,https://img2.doubanio.com/view/photo/s_ratio_poster/public/p2564556863.jpg,无间道,無間道,9.2,944027,香港电影史上永不过时的杰作。,导演:刘伟强/麦兆辉主演:刘德华/梁朝伟/黄秋生2002/中国香港/剧情犯罪悬疑
21,https://movie.douban.com/subject/1291841/,https://img9.doubanio.com/view/photo/s_ratio_poster/public/p616779645.jpg,教父,The Godfather,9.3,707835,千万不要记恨你的对手，这样会让你失去理智。,导演:弗朗西斯·福特·科波拉FrancisFordCoppola主演:马龙·白兰度M...1972/美国/剧情犯罪
22,https://movie.douban.com/subject/1291560/,https://img9.doubanio.com/view/photo/s_ratio_poster/public/p2540924496.jpg,龙猫,となりのトトロ,9.2,967586,人人心中都有个龙猫，童年就永远不会消失。,导演:宫崎骏HayaoMiyazaki主演:日高法子NorikoHidaka/坂本千夏Ch...1988/日本/动画奇幻冒险
23,https://movie.douban.com/subject/1849031/,https://img9.doubanio.com/view/photo/s_ratio_poster/public/p2614359276.jpg,当幸福来敲门,The Pursuit of Happyness,9.1,1165464,平民励志片。,导演:加布里尔·穆奇诺GabrieleMuccino主演:威尔·史密斯WillSmith...2006/美国/剧情传记家庭
24,https://movie.douban.com/subject/3319755/,https://img1.doubanio.com/view/photo/s_ratio_poster/public/p501177648.jpg,怦然心动,Flipped,9.1,1355942,真正的幸福是来自内心深处。,导演:罗伯·莱纳RobReiner主演:玛德琳·卡罗尔MadelineCarroll/卡...2010/美国/剧情喜剧爱情
25,https://movie.douban.com/subject/6786002/,https://img9.doubanio.com/view/photo/s_ratio_poster/public/p1454261925.jpg,触不可及,Intouchables,9.2,754152,满满温情的高雅喜剧。,导演:奥利维·那卡什OlivierNakache/艾力克·托兰达EricToledano主...2011/法国/剧情喜剧
26,https://movie.douban.com/subject/1296141/,https://img1.doubanio.com/view/photo/s_ratio_poster/public/p1505392928.jpg,控方证人,Witness for the Prosecution,9.6,317486,比利·怀德满分作品。,导演:比利·怀尔德BillyWilder主演:泰隆·鲍华TyronePower/玛琳·...1957/美国/剧情犯罪悬疑
27,https://movie.douban.com/subject/1851857/,https://img2.doubanio.com/view/photo/s_ratio_poster/public/p462657443.jpg,蝙蝠侠：黑暗骑士,The Dark Knight,9.2,788255,无尽的黑暗。,导演:克里斯托弗·诺兰ChristopherNolan主演:克里斯蒂安·贝尔Christ...2008/美国英国/剧情动作科幻犯罪惊悚
28,https://movie.douban.com/subject/1292365/,https://img3.doubanio.com/view/photo/s_ratio_poster/public/p2513253791.jpg,活着,人生  /  Lifetimes,9.3,610562,张艺谋最好的电影。,导演:张艺谋YimouZhang主演:葛优YouGe/巩俐LiGong/姜武WuJiang1994/中国大陆中国香港/剧情历史家庭
29,https://movie.douban.com/subject/1293172/,https://img2.doubanio.com/view/photo/s_ratio_poster/public/p452089833.jpg,末代皇帝,The Last Emperor,9.3,574439,“不要跟我比惨，我比你更惨”再适合这部电影不过了。,导演:贝纳尔多·贝托鲁奇BernardoBertolucci主演:尊龙JohnLone/陈...1987/英国意大利中国大陆法国/剧情传记历史
30,https://movie.douban.com/subject/20495023/,https://img9.doubanio.com/view/photo/s_ratio_poster/public/p2614500706.jpg,寻梦环游记,Coco,9.1,1171239,死亡不是真的逝去，遗忘才是永恒的消亡。,导演:李·昂克里奇LeeUnkrich/阿德里安·莫利纳AdrianMolina主演:...2017/美国/喜剧动画奇幻音乐
31,https://movie.douban.com/subject/1300267/,https://img3.doubanio.com/view/photo/s_ratio_poster/public/p1963126880.jpg,乱世佳人,Gone with the Wind,9.3,519952,Tomorrowisanotherday.,导演:维克多·弗莱明VictorFleming/乔治·库克GeorgeCukor主演:费...1939/美国/剧情历史爱情战争
32,https://movie.douban.com/subject/30170448/,https://img1.doubanio.com/view/photo/s_ratio_poster/public/p2555295759.jpg,何以为家,كفرناحوم,9.1,734922,凝视卑弱生命，用电影改变命运。,导演:娜丁·拉巴基NadineLabaki主演:扎因·拉费阿Zainal-Rafeea/...2018/黎巴嫩法国美国/剧情
33,https://movie.douban.com/subject/1291552/,https://img2.doubanio.com/view/photo/s_ratio_poster/public/p1910825503.jpg,指环王3：王者无敌,The Lord of the Rings: The Return of the King,9.2,574415,史诗的终章。,导演:彼得·杰克逊PeterJackson主演:伊利亚·伍德ElijahWood/西恩...2003/美国新西兰/剧情动作奇幻冒险
34,https://movie.douban.com/subject/26387939/,https://img9.doubanio.com/view/photo/s_ratio_poster/public/p2457983084.jpg,摔跤吧！爸爸,Dangal,9.0,1192207,你不是在为你一个人战斗，你要让千千万万的女性看到女生并不是只能相夫教子。,导演:涅提·蒂瓦里NiteshTiwari主演:阿米尔·汗AamirKhan/法缇玛...2016/印度/剧情传记运动家庭
35,https://movie.douban.com/subject/2129039/,https://img9.doubanio.com/view/photo/s_ratio_poster/public/p485887754.jpg,飞屋环游记,Up,9.0,1013042,最后那些最无聊的事情，才是最值得怀念的。,导演:彼特·道格特PeteDocter/鲍勃·彼德森BobPeterson主演:爱德...2009/美国/剧情喜剧动画冒险
36,https://movie.douban.com/subject/1929463/,https://img3.doubanio.com/view/photo/s_ratio_poster/public/p1784592701.jpg,少年派的奇幻漂流,Life of Pi,9.1,1076084,瑰丽壮观、无人能及的冒险之旅。,导演:李安AngLee主演:苏拉·沙玛SurajSharma/伊尔凡·可汗Irrfan...2012/美国中国台湾英国加拿大/剧情奇幻冒险
37,https://movie.douban.com/subject/1293182/,https://img3.doubanio.com/view/photo/s_ratio_poster/public/p2173577632.jpg,十二怒汉,12 Angry Men,9.4,347529,1957年的理想主义。,导演:SidneyLumet主演:亨利·方达HenryFonda/马丁·鲍尔萨姆Marti...1957/美国/剧情
38,https://movie.douban.com/subject/1295038/,https://img9.doubanio.com/view/photo/s_ratio_poster/public/p2614949805.jpg,哈利·波特与魔法石,Harry Potter and the Sorcerer's Stone,9.1,772553,童话世界的开端。,导演:ChrisColumbus主演:DanielRadcliffe/EmmaWatson/RupertGrint2001/美国英国/奇幻冒险
39,https://movie.douban.com/subject/21937452/,https://img9.doubanio.com/view/photo/s_ratio_poster/public/p2118532944.jpg,素媛,소원,9.3,480905,受过伤害的人总是笑得最开心，因为他们不愿意让身边的人承受一样的痛苦。,导演:李濬益Jun-ikLee主演:薛景求Kyung-guSol/严志媛Ji-wonUhm...2013/韩国/剧情
40,https://movie.douban.com/subject/1291858/,https://img1.doubanio.com/view/photo/s_ratio_poster/public/p2553104888.jpg,鬼子来了,Devils on the Doorstep,9.3,467138,对敌人的仁慈，就是对自己残忍。,导演:姜文WenJiang主演:姜文WenJiang/香川照之TeruyukiKagawa/...2000/中国大陆/剧情喜剧
41,https://movie.douban.com/subject/1308807/,https://img3.doubanio.com/view/photo/s_ratio_poster/public/p2174346180.jpg,哈尔的移动城堡,ハウルの動く城,9.1,744866,带着心爱的人在天空飞翔。,导演:宫崎骏HayaoMiyazaki主演:倍赏千惠子ChiekoBaishô/木村拓...2004/日本/动画奇幻冒险
42,https://movie.douban.com/subject/1291583/,https://img1.doubanio.com/view/photo/s_ratio_poster/public/p1446261379.jpg,天空之城,天空の城ラピュタ,9.1,640113,对天空的追逐，永不停止。,导演:宫崎骏HayaoMiyazaki主演:田中真弓MayumiTanaka/横泽启子Ke...1986/日本/动画奇幻冒险
43,https://movie.douban.com/subject/1299398/,https://img3.doubanio.com/view/photo/s_ratio_poster/public/p2561721372.jpg,大话西游之月光宝盒,西遊記第壹佰零壹回之月光寶盒,9.0,921645,旷古烁今。,导演:刘镇伟JeffreyLau主演:周星驰StephenChow/吴孟达ManTatNg...1995/中国香港中国大陆/喜剧爱情奇幻古装
44,https://movie.douban.com/subject/1293839/,https://img9.doubanio.com/view/photo/s_ratio_poster/public/p2189265085.jpg,罗马假日,Roman Holiday,9.0,739430,爱情哪怕只有一天。,导演:威廉·惠勒WilliamWyler主演:奥黛丽·赫本AudreyHepburn/格...1953/美国/喜剧剧情爱情
45,https://movie.douban.com/subject/1298624/,https://img1.doubanio.com/view/photo/s_ratio_poster/public/p2550757929.jpg,闻香识女人,Scent of a Woman,9.1,645944,史上最美的探戈。,导演:马丁·布莱斯MartinBrest主演:阿尔·帕西诺AlPacino/克里斯...1992/美国/剧情
46,https://movie.douban.com/subject/26752088/,https://img9.doubanio.com/view/photo/s_ratio_poster/public/p2561305376.jpg,我不是药神,中国药神  /  印度药神,9.0,1587029,对我们国家而言，这样的电影多一部是一部。,导演:文牧野MuyeWen主演:徐峥ZhengXu/王传君ChuanjunWang/周...2018/中国大陆/剧情喜剧
47,https://movie.douban.com/subject/1291828/,https://img1.doubanio.com/view/photo/s_ratio_poster/public/p2559577569.jpg,天堂电影院,Nuovo Cinema Paradiso,9.2,494128,那些吻戏，那些青春，都在影院的黑暗里被泪水冲刷得无比清晰。,导演:朱塞佩·托纳多雷GiuseppeTornatore主演:安东内拉·阿蒂利Anton...1988/意大利法国/剧情爱情
48,https://movie.douban.com/subject/21937445/,https://img9.doubanio.com/view/photo/s_ratio_poster/public/p2158166535.jpg,辩护人,변호인,9.2,463500,电影的现实意义大过电影本身。,导演:杨宇硕Woo-seokYang主演:宋康昊Kang-hoSong/金英爱Yeong-ae...2013/韩国/剧情
49,https://movie.douban.com/subject/1292000/,https://img1.doubanio.com/view/photo/s_ratio_poster/public/p1910926158.jpg,搏击俱乐部,Fight Club,9.0,659472,邪恶与平庸蛰伏于同一个母体，在特定的时间互相对峙。,导演:大卫·芬奇DavidFincher主演:爱德华·诺顿EdwardNorton/布拉...1999/美国德国/剧情动作悬疑惊悚
50,https://movie.douban.com/subject/1418019/,https://img1.doubanio.com/view/photo/s_ratio_poster/public/p2184505167.jpg,大闹天宫,大闹天宫 上下集  /  The Monkey King,9.3,301422,经典之作，历久弥新。,导演:万籁鸣LaimingWan/唐澄ChengTang主演:邱岳峰YuefengQiu/...1961(中国大陆)/1964(中国大陆)/1978(中国大陆)/2004(中国大陆)/中国大陆/动画奇幻
51,https://movie.douban.com/subject/1299131/,https://img1.doubanio.com/view/photo/s_ratio_poster/public/p2194138787.jpg,教父2,The Godfather: Part Ⅱ,9.2,394540,优雅的孤独。,导演:弗朗西斯·福特·科波拉FrancisFordCoppola主演:阿尔·帕西诺A...1974/美国/剧情犯罪
52,https://movie.douban.com/subject/1305487/,https://img3.doubanio.com/view/photo/s_ratio_poster/public/p453924541.jpg,猫鼠游戏,Catch Me If You Can,9.0,632841,骗子大师和执著警探的你追我跑故事。,导演:史蒂文·斯皮尔伯格StevenSpielberg主演:莱昂纳多·迪卡普里奥L...2002/美国加拿大/传记犯罪剧情
53,https://movie.douban.com/subject/1301753/,https://img1.doubanio.com/view/photo/s_ratio_poster/public/p2277799019.jpg,狮子王,The Lion King,9.0,616042,动物版《哈姆雷特》。,导演:RogerAllers/罗伯·明可夫RobMinkoff主演:乔纳森·泰勒·托马...1994/美国/动画冒险歌舞
54,https://movie.douban.com/subject/1291548/,https://img3.doubanio.com/view/photo/s_ratio_poster/public/p2575465690.jpg,死亡诗社,Dead Poets Society,9.1,525574,当一个死水般的体制内出现一个活跃的变数时，所有的腐臭都站在了光明的对面。,导演:彼得·威尔PeterWeir主演:罗宾·威廉姆斯RobinWilliams/罗伯...1989/美国/剧情
55,https://movie.douban.com/subject/1291572/,https://img9.doubanio.com/view/photo/s_ratio_poster/public/p909265336.jpg,指环王2：双塔奇兵,The Lord of the Rings: The Two Towers,9.1,523177,承前启后的史诗篇章。,导演:彼得·杰克逊PeterJackson主演:伊利亚·伍德ElijahWood/西恩...2002/美国新西兰/剧情动作奇幻冒险
56,https://movie.douban.com/subject/1296736/,https://img2.doubanio.com/view/photo/s_ratio_poster/public/p792376093.jpg,钢琴家,The Pianist,9.2,401303,音乐能化解仇恨。,导演:罗曼·波兰斯基RomanPolanski主演:艾德里安·布洛迪AdrienBrod...2002/法国德国英国波兰/剧情传记历史战争音乐
57,https://movie.douban.com/subject/1900841/,https://img1.doubanio.com/view/photo/s_ratio_poster/public/p1808872109.jpg,窃听风暴,Das Leben der Anderen,9.1,430432,别样人生。,导演:弗洛里安·亨克尔·冯·多纳斯马尔克FlorianHenckelvonDonnersmarck&n...2006/德国/剧情悬疑
58,https://movie.douban.com/subject/1291571/,https://img3.doubanio.com/view/photo/s_ratio_poster/public/p1354436051.jpg,指环王1：魔戒再现,The Lord of the Rings: The Fellowship of the Ring,9.0,588209,传说的开始。,导演:彼得·杰克逊PeterJackson主演:伊利亚·伍德ElijahWood/西恩...2001/新西兰美国/剧情动作奇幻冒险
59,https://movie.douban.com/subject/1291843/,https://img1.doubanio.com/view/photo/s_ratio_poster/public/p451926968.jpg,黑客帝国,The Matrix,9.0,596016,视觉革命。,导演:安迪·沃卓斯基AndyWachowski/拉娜·沃卓斯基LanaWachowski主...1999/美国澳大利亚/动作科幻
60,https://movie.douban.com/subject/1306029/,https://img3.doubanio.com/view/photo/s_ratio_poster/public/p1665997400.jpg,美丽心灵,A Beautiful Mind,9.0,571971,爱是一切逻辑和原由。,导演:朗·霍华德RonHoward主演:罗素·克劳RussellCrowe/艾德·哈...2001/美国/传记剧情
61,https://movie.douban.com/subject/1291818/,https://img3.doubanio.com/view/photo/s_ratio_poster/public/p1910899751.jpg,饮食男女,飲食男女,9.1,434261,人生不能像做菜，把所有的料都准备好了才下锅。,导演:李安AngLee主演:郎雄SihungLung/杨贵媚Kuei-MeiYang/吴...1994/中国台湾美国/剧情家庭
62,https://movie.douban.com/subject/1293350/,https://img1.doubanio.com/view/photo/s_ratio_poster/public/p792443418.jpg,两杆大烟枪,"Lock, Stock and Two Smoking Barrels",9.1,461946,4个臭皮匠顶个诸葛亮，盖·里奇果然不是盖的。,导演:GuyRitchie主演:JasonFlemyng/DexterFletcher/NickMoran1998/英国/剧情喜剧犯罪
63,https://movie.douban.com/subject/3742360/,https://img1.doubanio.com/view/photo/s_ratio_poster/public/p1512562287.jpg,让子弹飞,让子弹飞一会儿  /  火烧云,8.8,1218513,你给我翻译翻译，神马叫做TMD的惊喜。,导演:姜文WenJiang主演:姜文WenJiang/葛优YouGe/周润发Yun-F...2010/中国大陆中国香港/剧情喜剧动作西部
64,https://movie.douban.com/subject/1292224/,https://img1.doubanio.com/view/photo/s_ratio_poster/public/p792238287.jpg,飞越疯人院,One Flew Over the Cuckoo's Nest,9.1,447889,自由万岁。,导演:米洛斯·福尔曼MilošForman主演:杰克·尼科尔森JackNichols...1975/美国/剧情
65,https://movie.douban.com/subject/1485260/,https://img3.doubanio.com/view/photo/s_ratio_poster/public/p2192535722.jpg,本杰明·巴顿奇事,The Curious Case of Benjamin Button,8.9,743843,在时间之河里感受溺水之苦。,导演:大卫·芬奇DavidFincher主演:凯特·布兰切特CateBlanchett/...2008/美国/剧情爱情奇幻
66,https://movie.douban.com/subject/27060077/,https://img3.doubanio.com/view/photo/s_ratio_poster/public/p2549177902.jpg,绿皮书,Green Book,8.9,1162055,去除成见，需要勇气。,导演:彼得·法雷里PeterFarrelly主演:维果·莫腾森ViggoMortensen/...2018/美国/剧情喜剧传记
67,https://movie.douban.com/subject/26580232/,https://img9.doubanio.com/view/photo/s_ratio_poster/public/p2498971355.jpg,看不见的客人,Contratiempo,8.8,897734,你以为你以为的就是你以为的。,导演:奥里奥尔·保罗OriolPaulo主演:马里奥·卡萨斯MarioCasas/阿...2016/西班牙/剧情犯罪悬疑惊悚
68,https://movie.douban.com/subject/25958717/,https://img9.doubanio.com/view/photo/s_ratio_poster/public/p2554525534.jpg,海蒂和爷爷,Heidi,9.2,314726,如果生活中有什么使你感到快乐，那就去做吧！不要管别人说什么。,导演:阿兰·葛斯彭纳AlainGsponer主演:阿努克·斯特芬AnukSteffen/...2015/德国瑞士南非/剧情冒险家庭
69,https://movie.douban.com/subject/1292402/,https://img9.doubanio.com/view/photo/s_ratio_poster/public/p2448029416.jpg,西西里的美丽传说,Malèna,8.9,737274,美丽无罪。,导演:朱塞佩·托纳多雷GiuseppeTornatore主演:莫妮卡·贝鲁奇Monica...2000/意大利美国/剧情战争情色
70,https://movie.douban.com/subject/1292849/,https://img9.doubanio.com/view/photo/s_ratio_poster/public/p1014542496.jpg,拯救大兵瑞恩,Saving Private Ryan,9.0,487496,美利坚精神输出大片No1.,导演:史蒂文·斯皮尔伯格StevenSpielberg主演:汤姆·汉克斯TomHanks...1998/美国/剧情历史战争
71,https://movie.douban.com/subject/1303021/,https://img9.doubanio.com/view/photo/s_ratio_poster/public/p2165511465.jpg,小鞋子,بچههای آسمان,9.2,304648,奔跑的孩子是天使。,导演:马基德·马基迪MajidMajidi主演:法拉赫阿米尔·哈什米安AmirFa...1997/伊朗/剧情儿童家庭
72,https://movie.douban.com/subject/3008247/,https://img3.doubanio.com/view/photo/s_ratio_poster/public/p1473670352.jpg,穿条纹睡衣的男孩,The Boy in the Striped Pajamas,9.1,378731,尽管有些不切实际的幻想，这部电影依旧是一部感人肺腑的佳作。,导演:马克·赫尔曼MarkHerman主演:阿萨·巴特菲尔德AsaButterfield...2008/英国美国/剧情战争
73,https://movie.douban.com/subject/1292220/,https://img1.doubanio.com/view/photo/s_ratio_poster/public/p449897379.jpg,情书,Love Letter,8.9,682029,暗恋的极致。,导演:岩井俊二ShunjiIwai主演:中山美穗MihoNakayama/丰川悦司Ets...1995/日本/剧情爱情
74,https://movie.douban.com/subject/1294408/,https://img1.doubanio.com/view/photo/s_ratio_poster/public/p453788577.jpg,音乐之声,The Sound of Music,9.0,451424,用音乐化解仇恨，让歌声串起美好。,导演:罗伯特·怀斯RobertWise主演:朱莉·安德鲁斯JulieAndrews/克...1965/美国/剧情传记爱情歌舞
75,https://movie.douban.com/subject/3442220/,https://img1.doubanio.com/view/photo/s_ratio_poster/public/p2559579779.jpg,海豚湾,The Cove,9.3,295206,海豚的微笑，是世界上最高明的伪装。,导演:路易·西霍尤斯LouiePsihoyos主演:RichardO'Barry/路易·西霍...2009/美国/纪录片
76,https://movie.douban.com/subject/1292262/,https://img1.doubanio.com/view/photo/s_ratio_poster/public/p477229647.jpg,美国往事,Once Upon a Time in America,9.2,316574,往事如烟，无处祭奠。,导演:赛尔乔·莱翁内SergioLeone主演:罗伯特·德尼罗RobertDeNiro...1984/美国意大利/犯罪剧情
77,https://movie.douban.com/subject/1780330/,https://img9.doubanio.com/view/photo/s_ratio_poster/public/p480383375.jpg,致命魔术,The Prestige,8.9,651675,孪生蝙蝠侠大战克隆金刚狼。,导演:克里斯托弗·诺兰ChristopherNolan主演:休·杰克曼HughJackman...2006/英国美国/剧情悬疑惊悚
78,https://movie.douban.com/subject/1291832/,https://img2.doubanio.com/view/photo/s_ratio_poster/public/p1910902213.jpg,低俗小说,Pulp Fiction,8.9,629446,故事的高级讲法。,导演:昆汀·塔伦蒂诺QuentinTarantino主演:约翰·特拉沃尔塔JohnTra...1994/美国/剧情喜剧犯罪
79,https://movie.douban.com/subject/1293544/,https://img1.doubanio.com/view/photo/s_ratio_poster/public/p1593414327.jpg,沉默的羔羊,The Silence of the Lambs,8.8,639758,安东尼·霍普金斯的顶级表演。,导演:乔纳森·戴米JonathanDemme主演:朱迪·福斯特JodieFoster/安...1991/美国/剧情犯罪惊悚
80,https://movie.douban.com/subject/1292223/,https://img9.doubanio.com/view/photo/s_ratio_poster/public/p2219586434.jpg,七宗罪,Se7en,8.8,737531,警察抓小偷，老鼠玩死猫。,导演:大卫·芬奇DavidFincher主演:摩根·弗里曼MorganFreeman/布...1995/美国/剧情犯罪悬疑惊悚
81,https://movie.douban.com/subject/2334904/,https://img1.doubanio.com/view/photo/s_ratio_poster/public/p1832875827.jpg,禁闭岛,Shutter Island,8.8,711530,昔日翩翩少年，今日大腹便便。,导演:MartinScorsese主演:莱昂纳多·迪卡普里奥LeonardoDiCaprio/...2010/美国/剧情悬疑惊悚
82,https://movie.douban.com/subject/1292343/,https://img1.doubanio.com/view/photo/s_ratio_poster/public/p2209066019.jpg,蝴蝶效应,The Butterfly Effect,8.8,705184,人的命运被自己瞬间的抉择改变。,导演:埃里克·布雷斯EricBress/J·麦基·格鲁伯J.MackyeGruber主...2004/美国加拿大/剧情悬疑科幻惊悚
83,https://movie.douban.com/subject/1292656/,https://img9.doubanio.com/view/photo/s_ratio_poster/public/p480965695.jpg,心灵捕手,Good Will Hunting,8.9,529841,人生中应该拥有这样的一段豁然开朗。,导演:格斯·范·桑特GusVanSant主演:马特·达蒙MattDamon/罗宾·...1997/美国/剧情
84,https://movie.douban.com/subject/11525673/,https://img2.doubanio.com/view/photo/s_ratio_poster/public/p2178872593.jpg,布达佩斯大饭店,The Grand Budapest Hotel,8.8,668745,小清新的故事里注入了大历史的情怀。,导演:韦斯·安德森WesAnderson主演:拉尔夫·费因斯RalphFiennes/...2014/美国德国英国/剧情喜剧冒险
85,https://movie.douban.com/subject/1292679/,https://img3.doubanio.com/view/photo/s_ratio_poster/public/p465939041.jpg,春光乍泄,春光乍洩,8.9,473197,爱情纠缠，男女一致。,导演:王家卫KarWaiWong主演:张国荣LeslieCheung/梁朝伟TonyLeu...1997/中国香港日本韩国/剧情爱情同性
86,https://movie.douban.com/subject/1787291/,https://img9.doubanio.com/view/photo/s_ratio_poster/public/p884763596.jpg,被嫌弃的松子的一生,嫌われ松子の一生,8.9,562232,以戏谑来戏谑戏谑。,导演:中岛哲也TetsuyaNakashima主演:中谷美纪MikiNakatani/瑛太E...2006/日本/剧情歌舞
87,https://movie.douban.com/subject/1294371/,https://img1.doubanio.com/view/photo/s_ratio_poster/public/p2263408369.jpg,摩登时代,Modern Times,9.3,213302,大时代中的人生，小人物的悲喜。,导演:查理·卓别林CharlesChaplin主演:查理·卓别林CharlesChaplin...1936/美国/剧情喜剧爱情
88,https://movie.douban.com/subject/1652587/,https://img1.doubanio.com/view/photo/s_ratio_poster/public/p2180085848.jpg,阿凡达,Avatar,8.7,998905,绝对意义上的美轮美奂。,导演:詹姆斯·卡梅隆JamesCameron主演:萨姆·沃辛顿SamWorthington...2009/美国英国/动作科幻冒险
89,https://movie.douban.com/subject/3011235/,https://img2.doubanio.com/view/photo/s_ratio_poster/public/p917846733.jpg,哈利·波特与死亡圣器(下),Harry Potter and the Deathly Hallows: Part 2,8.9,576637,10年的完美句点。,导演:大卫·叶茨DavidYates主演:丹尼尔·雷德克里夫DanielRadcliffe...2011/美国英国/奇幻冒险
90,https://movie.douban.com/subject/1292370/,https://img1.doubanio.com/view/photo/s_ratio_poster/public/p480956937.jpg,剪刀手爱德华,Edward Scissorhands,8.7,841916,浪漫忧郁的成人童话。,导演:蒂姆·波顿TimBurton主演:约翰尼·德普JohnnyDepp/薇诺娜·...1990/美国/剧情奇幻爱情
91,https://movie.douban.com/subject/1302425/,https://img1.doubanio.com/view/photo/s_ratio_poster/public/p2579932167.jpg,喜剧之王,喜劇之王,8.8,714221,我是一个演员。,导演:周星驰StephenChow/李力持Lik-ChiLee主演:周星驰StephenCh...1999/中国香港/喜剧剧情爱情
92,https://movie.douban.com/subject/1294639/,https://img1.doubanio.com/view/photo/s_ratio_poster/public/p2004174709.jpg,勇敢的心,Braveheart,8.9,462416,史诗大片的典范。,导演:梅尔·吉布森MelGibson主演:梅尔·吉布森MelGibson/苏菲·玛...1995/美国/动作传记剧情历史战争
93,https://movie.douban.com/subject/1297192/,https://img9.doubanio.com/view/photo/s_ratio_poster/public/p2558364386.jpg,致命ID,Identity,8.8,600326,最不可能的那个人永远是最可能的。,导演:詹姆斯·曼高德JamesMangold主演:约翰·库萨克JohnCusack/雷...2003/美国/剧情悬疑惊悚
94,https://movie.douban.com/subject/1298070/,https://img9.doubanio.com/view/photo/s_ratio_poster/public/p1596085504.jpg,加勒比海盗,Pirates of the Caribbean: The Curse of the Black Pearl,8.8,665983,约翰尼·德普的独角戏。,导演:戈尔·维宾斯基GoreVerbinski主演:约翰尼·德普JohnnyDepp/...2003/美国/动作冒险奇幻
95,https://movie.douban.com/subject/1292215/,https://img2.doubanio.com/view/photo/s_ratio_poster/public/p2447590313.jpg,天使爱美丽,Le fabuleux destin d'Amélie Poulain,8.7,800023,法式小清新。,导演:让-皮埃尔·热内Jean-PierreJeunet主演:奥黛丽·塔图AudreyTau...2001/法国德国/喜剧爱情
96,https://movie.douban.com/subject/1300299/,https://img3.doubanio.com/view/photo/s_ratio_poster/public/p657823840.jpg,杀人回忆,살인의 추억,8.8,503061,关于连环杀人悬案的集体回忆。,导演:奉俊昊Joon-hoBong主演:宋康昊Kang-hoSong/金相庆Sang-kyun...2003/韩国/剧情动作犯罪悬疑惊悚
97,https://movie.douban.com/subject/6985810/,https://img1.doubanio.com/view/photo/s_ratio_poster/public/p1546987967.jpg,狩猎,Jagten,9.1,274018,人言可畏。,导演:托马斯·温特伯格ThomasVinterberg主演:麦斯·米科尔森MadsMik...2012/丹麦瑞典/剧情
98,https://movie.douban.com/subject/1418834/,https://img1.doubanio.com/view/photo/s_ratio_poster/public/p2604889017.jpg,断背山,Brokeback Mountain,8.8,559861,每个人心中都有一座断背山。,导演:李安AngLee主演:希斯·莱杰HeathLedger/杰克·吉伦哈尔Jake...2005/美国加拿大/剧情爱情同性家庭
99,https://movie.douban.com/subject/26799731/,https://img3.doubanio.com/view/photo/s_ratio_poster/public/p2505525050.jpg,请以你的名字呼唤我,Call Me by Your Name,8.9,491530,沉醉在电影的情感和视听氛围中无法自拔。,导演:卢卡·瓜达尼诺LucaGuadagnino主演:艾米·汉莫ArmieHammer/...2017/意大利法国巴西美国荷兰德国/剧情爱情同性
100,https://movie.douban.com/subject/10777687/,https://img9.doubanio.com/view/photo/s_ratio_poster/public/p1816276065.jpg,7号房的礼物,7번방의 선물,8.9,400400,《我是山姆》的《美丽人生》。,导演:李焕庆Hwan-kyeongLee主演:柳承龙Seung-yongRyoo/朴信惠Shi...2013/韩国/剧情喜剧家庭
101,https://movie.douban.com/subject/1297359/,https://img9.doubanio.com/view/photo/s_ratio_poster/public/p1613191025.jpg,幽灵公主,もののけ姫,8.9,412364,人与自然的战争史诗。,导演:宫崎骏HayaoMiyazaki主演:松田洋治YôjiMatsuda/石田百合...1997/日本/动画奇幻冒险
102,https://movie.douban.com/subject/1865703/,https://img3.doubanio.com/view/photo/s_ratio_poster/public/p456825720.jpg,红辣椒,パプリカ,9.0,306924,梦的勾结。,导演:今敏SatoshiKon主演:林原惠美MegumiHayashibara/江守彻Toru...2006/日本/动画悬疑科幻惊悚
103,https://movie.douban.com/subject/1291875/,https://img9.doubanio.com/view/photo/s_ratio_poster/public/p2564685215.jpg,阳光灿烂的日子,In the Heat of the Sun,8.8,475127,一场华丽的意淫。,导演:姜文WenJiang主演:夏雨YuXia/宁静JingNing/陶虹HongTao1994/中国大陆中国香港/剧情爱情
104,https://movie.douban.com/subject/25814705/,https://img2.doubanio.com/view/photo/s_ratio_poster/public/p2564498893.jpg,小森林 夏秋篇,リトル・フォレスト 夏・秋,9.0,318805,那些静得只能听见呼吸的日子里，你明白孤独即生活。,导演:森淳一JunichiMori主演:桥本爱AiHashimoto/三浦贵大Takahir...2014/日本/剧情
105,https://movie.douban.com/subject/1297630/,https://img9.doubanio.com/view/photo/s_ratio_poster/public/p2220184425.jpg,第六感,The Sixth Sense,8.9,414101,深入内心的恐怖，出人意料的结局。,导演:M·奈特·沙马兰M.NightShyamalan主演:布鲁斯·威利斯BruceWi...1999/美国/剧情悬疑惊悚
106,https://movie.douban.com/subject/1291999/,https://img3.doubanio.com/view/photo/s_ratio_poster/public/p792381411.jpg,重庆森林,重慶森林,8.7,600312,寂寞没有期限。,导演:王家卫KarWaiWong主演:林青霞BrigitteLin/金城武TakeshiK...1994/中国香港/剧情爱情
107,https://movie.douban.com/subject/2149806/,https://img1.doubanio.com/view/photo/s_ratio_poster/public/p1583839859.jpg,入殓师,おくりびと,8.8,461852,死可能是一道门，逝去并不是终结，而是超越，走向下一程。,导演:泷田洋二郎YôjirôTakita主演:本木雅弘MasahiroMotoki/...2008/日本/剧情
108,https://movie.douban.com/subject/25814707/,https://img1.doubanio.com/view/photo/s_ratio_poster/public/p2215147728.jpg,小森林 冬春篇,リトル・フォレスト 冬・春,9.0,282735,尊敬他人，尊敬你生活的这片土地，明白孤独是人生的常态。,导演:森淳一JunichiMori主演:桥本爱AiHashimoto/三浦贵大Takahir...2015/日本/剧情
109,https://movie.douban.com/subject/21318488/,https://img9.doubanio.com/view/photo/s_ratio_poster/public/p2221768894.jpg,消失的爱人,Gone Girl,8.7,679693,年度最佳datemovie。,导演:大卫·芬奇DavidFincher主演:本·阿弗莱克BenAffleck/罗莎蒙...2014/美国/剧情犯罪悬疑惊悚
110,https://movie.douban.com/subject/1296339/,https://img9.doubanio.com/view/photo/s_ratio_poster/public/p2555762374.jpg,爱在黎明破晓前,Before Sunrise,8.8,454756,缘分是个连绵词，最美不过一瞬。,导演:理查德·林克莱特RichardLinklater主演:伊桑·霍克EthanHawke...1995/美国奥地利瑞士/剧情爱情
111,https://movie.douban.com/subject/1306249/,https://img9.doubanio.com/view/photo/s_ratio_poster/public/p2357915564.jpg,唐伯虎点秋香,唐伯虎點秋香,8.6,778864,华太师是黄霑，吴镇宇四大才子之一。,导演:李力持Lik-ChiLee主演:周星驰StephenChow/巩俐LiGong/陈...1993/中国香港/喜剧爱情古装
112,https://movie.douban.com/subject/1292434/,https://img2.doubanio.com/view/photo/s_ratio_poster/public/p2567845803.jpg,一一,Yi yi  /  Yi yi: A One and a Two,9.0,267978,我们都曾经是一一。,导演:杨德昌EdwardYang主演:吴念真/李凯莉KellyLee/金燕玲Elai...2000/中国台湾日本/剧情爱情家庭
113,https://movie.douban.com/subject/3395373/,https://img9.doubanio.com/view/photo/s_ratio_poster/public/p1706428744.jpg,蝙蝠侠：黑暗骑士崛起,The Dark Knight Rises,8.8,543234,诺兰就是保证。,导演:克里斯托弗·诺兰ChristopherNolan主演:克里斯蒂安·贝尔Christ...2012/美国英国/剧情动作科幻犯罪惊悚
114,https://movie.douban.com/subject/1297052/,https://img3.doubanio.com/view/photo/s_ratio_poster/public/p456692072.jpg,侧耳倾听,耳をすませば,8.9,348012,少女情怀总是诗。,导演:近藤喜文YoshifumiKondo主演:本名阳子YoukoHonna/小林桂树K...1995/日本/剧情爱情动画
115,https://movie.douban.com/subject/5322596/,https://img3.doubanio.com/view/photo/s_ratio_poster/public/p1305562621.jpg,超脱,Detachment,8.9,354681,穷尽一生，我们要学会的，不过是彼此拥抱。,导演:托尼·凯耶TonyKaye主演:艾德里安·布洛迪AdrienBrody/马西...2011/美国/剧情
116,https://movie.douban.com/subject/1293359/,https://img9.doubanio.com/view/photo/s_ratio_poster/public/p2620392435.jpg,菊次郎的夏天,菊次郎の夏,8.8,418058,从没见过那么流氓的温柔，从没见过那么温柔的流氓。,导演:北野武TakeshiKitano主演:北野武TakeshiKitano/关口雄介Yus...1999/日本/剧情喜剧
117,https://movie.douban.com/subject/1297447/,https://img9.doubanio.com/view/photo/s_ratio_poster/public/p2414157745.jpg,倩女幽魂,倩女幽魂(87版)  /  倩女幽魂：妖魔道,8.7,549143,两张绝世的脸。,导演:程小东Siu-TungChing主演:张国荣LeslieCheung/王祖贤JoeyW...1987/中国香港/爱情奇幻武侠古装
118,https://movie.douban.com/subject/1292337/,https://img2.doubanio.com/view/photo/s_ratio_poster/public/p661160053.jpg,无人知晓,誰も知らない,9.1,211309,我的平常生活就是他人的幸福。,导演:是枝裕和HirokazuKoreeda主演:柳乐优弥YûyaYagira/北浦爱...2004/日本/剧情
119,https://movie.douban.com/subject/3072124/,https://img9.doubanio.com/view/photo/s_ratio_poster/public/p2162822165.jpg,玛丽和马克思,Mary and Max,8.9,345319,你是我最好的朋友，你是我唯一的朋友。,导演:亚当·艾略特AdamElliot主演:托妮·科莱特ToniCollette/菲利...2009/澳大利亚/剧情喜剧动画
120,https://movie.douban.com/subject/11026735/,https://img2.doubanio.com/view/photo/s_ratio_poster/public/p2614500883.jpg,超能陆战队,Big Hero 6,8.7,754282,Balalala~~~,导演:唐·霍尔DonHall/克里斯·威廉姆斯ChrisWilliams主演:斯科特...2014/美国/喜剧动作科幻动画冒险
121,https://movie.douban.com/subject/1305164/,https://img9.doubanio.com/view/photo/s_ratio_poster/public/p2223011274.jpg,甜蜜蜜,Comrades: Almost a Love Story,8.8,392950,相逢只要一瞬间，等待却像是一辈子。,导演:陈可辛PeterChan主演:黎明LeonLai/张曼玉MaggieCheung/...1996/中国香港/剧情爱情
122,https://movie.douban.com/subject/5989818/,https://img2.doubanio.com/view/photo/s_ratio_poster/public/p1675053073.jpg,萤火之森,蛍火の杜へ,8.9,380639,触不到的恋人。,导演:大森贵弘TakahiroOmori主演:佐仓绫音AyaneSakura/内山昂辉K...2011/日本/剧情爱情动画奇幻
123,https://movie.douban.com/subject/4268598/,https://img9.doubanio.com/view/photo/s_ratio_poster/public/p689520756.jpg,告白,自白  /  母亲,8.7,555210,没有一人完全善，也没有一人完全恶。,导演:中岛哲也TetsuyaNakashima主演:松隆子TakakoMatsu/冈田将生...2010/日本/剧情惊悚
124,https://movie.douban.com/subject/4202302/,https://img9.doubanio.com/view/photo/s_ratio_poster/public/p617533616.jpg,借东西的小人阿莉埃蒂,借りぐらしのアリエッティ,8.8,410504,曾经的那段美好会沉淀为一辈子的记忆。,导演:米林宏昌HiromasaYonebayashi主演:志田未来MiraiShida/神木...2010/日本/动画奇幻冒险
125,https://movie.douban.com/subject/2353023/,https://img9.doubanio.com/view/photo/s_ratio_poster/public/p2210954024.jpg,驯龙高手,How to Train Your Dragon,8.7,578073,和谐的生活离不开摸头与被摸头。,导演:迪恩·德布洛斯DeanDeBlois/克里斯·桑德斯ChrisSanders主演:...2010/美国/动画奇幻冒险
126,https://movie.douban.com/subject/1291545/,https://img9.doubanio.com/view/photo/s_ratio_poster/public/p692813374.jpg,大鱼,Big Fish,8.8,441147,抱着梦想而活着的人是幸福的，怀抱梦想而死去的人是不朽的。,导演:蒂姆·波顿TimBurton主演:伊万·麦克格雷格EwanMcGregor/阿...2003/美国/剧情家庭奇幻冒险
127,https://movie.douban.com/subject/4917726/,https://img1.doubanio.com/view/photo/s_ratio_poster/public/p1374786017.jpg,阳光姐妹淘,써니,8.8,476814,再多各自牛逼的时光，也比不上一起傻逼的岁月。,导演:姜炯哲Hyeong-CheolKang主演:沈恩京Eun-kyungShim/闵孝琳Hy...2011/韩国/剧情喜剧
128,https://movie.douban.com/subject/1316510/,https://img9.doubanio.com/view/photo/s_ratio_poster/public/p2609063925.jpg,射雕英雄传之东成西就,射鵰英雄傳之東成西就,8.7,492879,百看不厌。,导演:刘镇伟JeffreyLau主演:梁朝伟TonyLeungChiuWai/林青霞Bri...1993/中国香港/喜剧奇幻武侠古装
129,https://movie.douban.com/subject/1292274/,https://img1.doubanio.com/view/photo/s_ratio_poster/public/p854757687.jpg,幸福终点站,The Terminal,8.8,410995,有时候幸福需要等一等。,导演:史蒂文·斯皮尔伯格StevenSpielberg主演:汤姆·汉克斯TomHanks...2004/美国/喜剧剧情爱情
130,https://movie.douban.com/subject/1291990/,https://img1.doubanio.com/view/photo/s_ratio_poster/public/p2561542458.jpg,爱在日落黄昏时,Before Sunset,8.8,382924,九年后的重逢是世俗和责任的交叠，没了悸动和青涩，沧桑而温暖。,导演:理查德·林克莱特RichardLinklater主演:伊桑·霍克EthanHawke...2004/美国法国/剧情爱情
131,https://movie.douban.com/subject/1291543/,https://img1.doubanio.com/view/photo/s_ratio_poster/public/p2219011938.jpg,功夫,功夫3D  /  Kung Fu Hustle,8.6,734568,警恶惩奸，维护世界和平这个任务就交给你了，好吗？,导演:周星驰StephenChow主演:周星驰StephenChow/元秋QiuYuen/...2004/中国大陆中国香港/动作喜剧犯罪奇幻
132,https://movie.douban.com/subject/26874505/,https://img3.doubanio.com/view/photo/s_ratio_poster/public/p2544912792.jpg,人生果实,人生フルーツ,9.5,111326,土壤没有落叶不会肥沃，没有了你就不算人生。,导演:伏原健之KenshiFushihara主演:津端修一ShûichiTsubata/津...2017/日本/纪录片
133,https://movie.douban.com/subject/1300992/,https://img1.doubanio.com/view/photo/s_ratio_poster/public/p2190556408.jpg,完美的世界,A Perfect World,9.1,199478,坏人的好总是比好人的好来得更感人。,导演:克林特·伊斯特伍德ClintEastwood主演:凯文·科斯特纳KevinCos...1993/美国/剧情犯罪
134,https://movie.douban.com/subject/21360417/,https://img9.doubanio.com/view/photo/s_ratio_poster/public/p2016930906.jpg,恐怖直播,더 테러 라이브,8.8,483718,恐怖分子的“秋菊打官司”。,导演:金秉祐Byeong-wooKim主演:河正宇Jung-wooHa/李璟荣Kyeong-y...2013/韩国/剧情犯罪悬疑
135,https://movie.douban.com/subject/3287562/,https://img1.doubanio.com/view/photo/s_ratio_poster/public/p792776858.jpg,神偷奶爸,Despicable Me,8.6,742398,Mr.IDon'tCare其实也有Care的时候。,导演:皮艾尔·柯芬PierreCoffin/克里斯·雷纳德ChrisRenaud主演:...2010/美国法国/喜剧动画冒险
136,https://movie.douban.com/subject/1291579/,https://img1.doubanio.com/view/photo/s_ratio_poster/public/p2513247938.jpg,怪兽电力公司,"Monsters, Inc.",8.7,490013,不要给它起名字，起了名字就有感情了。,导演:彼特·道格特PeteDocter/大卫·斯沃曼DavidSilverman主演:约...2001/美国/儿童喜剧动画奇幻冒险
137,https://movie.douban.com/subject/1428581/,https://img1.doubanio.com/view/photo/s_ratio_poster/public/p2515539487.jpg,天书奇谭,The Legend of Sealed Book  /  Secrets of the Heavenly Book,9.2,164474,传奇的年代，醉人的童话。,导演:王树忱ShuchenWang/钱运达YundaQian主演:丁建华JianhuaDin...1983(中国大陆)/中国大陆/动画奇幻
138,https://movie.douban.com/subject/1858711/,https://img1.doubanio.com/view/photo/s_ratio_poster/public/p1283675359.jpg,玩具总动员3,Toy Story 3,8.8,379676,跨度十五年的欢乐与泪水。,导演:李·昂克里奇LeeUnkrich主演:汤姆·汉克斯TomHanks/蒂姆·艾...2010/美国/喜剧动画奇幻冒险
139,https://movie.douban.com/subject/1291544/,https://img1.doubanio.com/view/photo/s_ratio_poster/public/p1910812549.jpg,哈利·波特与阿兹卡班的囚徒,Harry Potter and the Prisoner of Azkaban,8.7,442647,不一样的导演，不一样的哈利·波特。,导演:AlfonsoCuarón主演:丹尼尔·雷德克里夫DanielRadcliffe/Emma...2004/英国美国/奇幻冒险
140,https://movie.douban.com/subject/1418200/,https://img1.doubanio.com/view/photo/s_ratio_poster/public/p2016401659.jpg,傲慢与偏见,Pride & Prejudice,8.6,582438,爱是摈弃傲慢与偏见之后的曙光。,导演:乔·怀特JoeWright主演:凯拉·奈特莉KeiraKnightley/马修·...2005/法国英国美国/剧情爱情
141,https://movie.douban.com/subject/26325320/,https://img1.doubanio.com/view/photo/s_ratio_poster/public/p2398141939.jpg,血战钢锯岭,Hacksaw Ridge,8.7,610208,优秀的战争片不会美化战场，不会粉饰死亡，不会矮化敌人，不会无视常识，最重要的，不会宣扬战争。,导演:梅尔·吉布森MelGibson主演:安德鲁·加菲尔德AndrewGarfield/...2016/美国澳大利亚/剧情传记历史战争
142,https://movie.douban.com/subject/1294240/,https://img3.doubanio.com/view/photo/s_ratio_poster/public/p2169664351.jpg,教父3,The Godfather: Part III,8.9,262813,任何信念的力量，都无法改变命运。,导演:弗朗西斯·福特·科波拉FrancisFordCoppola主演:阿尔·帕西诺A...1990/美国/剧情犯罪
143,https://movie.douban.com/subject/10577869/,https://img9.doubanio.com/view/photo/s_ratio_poster/public/p2070153774.jpg,时空恋旅人,About Time,8.7,421222,把每天当作最后一天般珍惜度过，积极拥抱生活，就是幸福。,导演:理查德·柯蒂斯RichardCurtis主演:多姆纳尔·格里森DomhnallGl...2013/英国/喜剧爱情奇幻
144,https://movie.douban.com/subject/25986180/,https://img1.doubanio.com/view/photo/s_ratio_poster/public/p2360940399.jpg,釜山行,부산행,8.5,874042,揭露人性的丧尸题材力作。,导演:延尚昊Sang-hoYeon主演:孔侑YooGong/郑有美Yu-miJung/马...2016/韩国/动作惊悚灾难
145,https://movie.douban.com/subject/1291585/,https://img3.doubanio.com/view/photo/s_ratio_poster/public/p1917567652.jpg,风之谷,風の谷のナウシカ,8.9,291176,动画片的圣经。,导演:宫崎骏HayaoMiyazaki主演:岛本须美SumiShimamoto/松田洋治Y...1984/日本/动画奇幻冒险
146,https://movie.douban.com/subject/1307315/,https://img2.doubanio.com/view/photo/s_ratio_poster/public/p2516566783.jpg,哪吒闹海,Prince Nezha's Triumph Against Dragon King  /  Nezha Conquers the Dragon King,9.1,187937,想你时你在闹海。,导演:严定宪DingxianYan/王树忱ShuchenWang主演:梁正晖Zhenghui...1979/中国大陆/冒险动画奇幻
147,https://movie.douban.com/subject/6307447/,https://img1.doubanio.com/view/photo/s_ratio_poster/public/p1959232369.jpg,被解救的姜戈,Django Unchained,8.7,459649,热血沸腾，那个低俗、性感的无耻混蛋又来了。,导演:昆汀·塔伦蒂诺QuentinTarantino主演:杰米·福克斯JamieFoxx/...2012/美国/剧情动作西部冒险
148,https://movie.douban.com/subject/1417598/,https://img9.doubanio.com/view/photo/s_ratio_poster/public/p2565332644.jpg,电锯惊魂,Saw,8.7,383946,真相就在眼前。,导演:詹姆斯·温JamesWan主演:雷·沃纳尔LeighWhannell/加利·艾...2004/美国/悬疑惊悚恐怖
149,https://movie.douban.com/subject/1292208/,https://img3.doubanio.com/view/photo/s_ratio_poster/public/p455677490.jpg,上帝之城,Cidade de Deus,8.9,239079,被上帝抛弃了的上帝之城。,导演:费尔南多·梅里尔斯FernandoMeirelles/卡迪亚·兰德KátiaLund&nbsp...2002/巴西法国/犯罪剧情
150,https://movie.douban.com/subject/1303037/,https://img9.doubanio.com/view/photo/s_ratio_poster/public/p2173713676.jpg,喜宴,囍宴,8.9,253179,中国家庭的喜怒哀乐忍。,导演:李安AngLee主演:赵文瑄WinstonChao/郎雄SihungLung/归亚...1993/中国台湾美国/剧情喜剧爱情同性家庭
151,https://movie.douban.com/subject/1295399/,https://img9.doubanio.com/view/photo/s_ratio_poster/public/p2215886505.jpg,七武士,七人の侍,9.3,142441,时代悲歌。,导演:黑泽明AkiraKurosawa主演:三船敏郎ToshirôMifune/志村乔...1954/日本/动作冒险剧情
152,https://movie.douban.com/subject/1296996/,https://img3.doubanio.com/view/photo/s_ratio_poster/public/p1082651990.jpg,哈利·波特与密室,Harry Potter and the Chamber of Secrets,8.7,464374,魔法的密室之门已打开...,导演:ChrisColumbus主演:丹尼尔·雷德克里夫DanielRadcliffe/艾玛...2002/美国英国德国/奇幻冒险
153,https://movie.douban.com/subject/1297574/,https://img1.doubanio.com/view/photo/s_ratio_poster/public/p2504997087.jpg,英雄本色,A Better Tomorrow  /  Gangland Boss,8.7,383471,英雄泪短，兄弟情长。,导演:吴宇森JohnWoo主演:周润发Yun-FatChow/狄龙LungTi/张国...1986/中国香港/剧情动作犯罪
154,https://movie.douban.com/subject/1306861/,https://img9.doubanio.com/view/photo/s_ratio_poster/public/p652417775.jpg,我是山姆,I Am Sam,8.9,231794,爱并不需要智商。,导演:杰茜·尼尔森JessieNelson主演:SeanPenn/DakotaFanning/Mi...2001/美国/剧情家庭
155,https://movie.douban.com/subject/1578507/,https://img1.doubanio.com/view/photo/s_ratio_poster/public/p792223507.jpg,谍影重重3,The Bourne Ultimatum,8.8,325604,像吃了苏打饼一样干脆的电影。,导演:保罗·格林格拉斯PaulGreengrass主演:马特·达蒙MattDamon/...2007/美国德国/动作悬疑惊悚
156,https://movie.douban.com/subject/4920389/,https://img1.doubanio.com/view/photo/s_ratio_poster/public/p2516578307.jpg,头号玩家,Ready Player One,8.7,1065369,写给影迷，动漫迷和游戏迷的一封情书。,导演:史蒂文·斯皮尔伯格StevenSpielberg主演:泰伊·谢里丹TyeSheri...2018/美国/动作科幻冒险
157,https://movie.douban.com/subject/26628357/,https://img2.doubanio.com/view/photo/s_ratio_poster/public/p2406624993.jpg,一个叫欧维的男人决定去死,En man som heter Ove,8.8,296840,惠及一生的美丽。,导演:汉内斯·赫尔姆HannesHolm主演:罗夫·拉斯加德RolfLassgård...2015/瑞典/剧情
158,https://movie.douban.com/subject/3792799/,https://img3.doubanio.com/view/photo/s_ratio_poster/public/p456666151.jpg,岁月神偷,歲月神偷,8.7,475869,岁月流逝，来日可追。,导演:罗启锐AlexLaw主演:吴君如SandraNg/任达华SimonYam/钟绍...2010/中国香港中国大陆/剧情家庭
159,https://movie.douban.com/subject/26611804/,https://img1.doubanio.com/view/photo/s_ratio_poster/public/p2510081688.jpg,三块广告牌,"Three Billboards Outside Ebbing, Missouri",8.7,634772,怼天怼地，你走后，她与世界为敌。,导演:马丁·麦克唐纳MartinMcDonagh主演:弗兰西斯·麦克多蒙德France...2017/美国英国/剧情犯罪
160,https://movie.douban.com/subject/1295409/,https://img1.doubanio.com/view/photo/s_ratio_poster/public/p2597918718.jpg,纵横四海,緃横四海,8.8,307234,香港浪漫主义警匪动作片的巅峰之作。,导演:吴宇森JohnWoo主演:周润发Yun-FatChow/张国荣LeslieCheung...1991/中国香港/剧情喜剧动作犯罪
161,https://movie.douban.com/subject/1907966/,https://img1.doubanio.com/view/photo/s_ratio_poster/public/p1867084027.jpg,疯狂原始人,The Croods,8.7,649050,老少皆宜，这就是好莱坞动画的魅力。,导演:科克·德·米科KirkDeMicco/克里斯·桑德斯ChrisSanders主演...2013/美国/喜剧动画冒险
162,https://movie.douban.com/subject/1793929/,https://img1.doubanio.com/view/photo/s_ratio_poster/public/p2166160837.jpg,达拉斯买家俱乐部,Dallas Buyers Club,8.8,341811,JaredLeto的腿比女人还美！,导演:让-马克·瓦雷Jean-MarcVallée主演:马修·麦康纳MatthewMcCon...2013/美国/剧情传记同性
163,https://movie.douban.com/subject/25917973/,https://img9.doubanio.com/view/photo/s_ratio_poster/public/p2276780256.jpg,心迷宫,殡棺  /  The Coffin in the Mountain,8.7,372994,荒诞讽刺，千奇百巧，抽丝剥茧，百转千回。,导演:忻钰坤YukunXin主演:霍卫民WeiminHuo/王笑天XiaotianWang...2014/中国大陆/剧情犯罪悬疑
164,https://movie.douban.com/subject/1304447/,https://img2.doubanio.com/view/photo/s_ratio_poster/public/p641688453.jpg,记忆碎片,Memento,8.6,471836,一个针管引发的血案。,导演:克里斯托弗·诺兰ChristopherNolan主演:盖·皮尔斯GuyPearce/...2000/美国/犯罪剧情悬疑惊悚
165,https://movie.douban.com/subject/1291822/,https://img2.doubanio.com/view/photo/s_ratio_poster/public/p470419493.jpg,卢旺达饭店,Hotel Rwanda,8.9,226833,当这个世界闭上双眼，他却敞开了怀抱。,导演:特瑞·乔治TerryGeorge主演:唐·钱德尔DonCheadle/苏菲·奥...2004/英国南非意大利/剧情传记历史战争
166,https://movie.douban.com/subject/1291557/,https://img9.doubanio.com/view/photo/s_ratio_poster/public/p1910828286.jpg,花样年华,花樣年華,8.7,433012,偷情本没有这样美。,导演:王家卫KarWaiWong主演:梁朝伟TonyLeungChiuWai/张曼玉Ma...2000/中国香港/剧情爱情
167,https://movie.douban.com/subject/26683290/,https://img1.doubanio.com/view/photo/s_ratio_poster/public/p2395733377.jpg,你的名字。,君の名は。,8.4,1047400,穿越错位的时空，仰望陨落的星辰，你没留下你的名字，我却无法忘记那句“我爱你”。,导演:新海诚MakotoShinkai主演:神木隆之介RyûnosukeKamiki/上...2016/日本/剧情爱情动画
168,https://movie.douban.com/subject/1395091/,https://img3.doubanio.com/view/photo/s_ratio_poster/public/p1351050722.jpg,未麻的部屋,Perfect Blue,9.0,207544,好的剧本是，就算你猜到了结局也猜不到全部。,导演:今敏SatoshiKon主演:岩男润子JunkoIwao/松本梨香RicaMatsu...1997/日本/动画奇幻惊悚
169,https://movie.douban.com/subject/24750126/,https://img3.doubanio.com/view/photo/s_ratio_poster/public/p2584519452.jpg,荒蛮故事,Relatos salvajes,8.8,319184,始于荒诞，止于更荒诞。,导演:达米安·斯兹弗隆DamiánSzifron主演:达里奥·葛兰帝内提Darío...2014/阿根廷西班牙/剧情喜剧犯罪
170,https://movie.douban.com/subject/1302467/,https://img1.doubanio.com/view/photo/s_ratio_poster/public/p443461818.jpg,黑客帝国3：矩阵革命,The Matrix Revolutions,8.8,319543,不得不说，《黑客帝国》系列是商业片与科幻、哲学完美结合的典范。,导演:AndyWachowski/LarryWachowski主演:基努·里维斯KeanuReeves...2003/美国澳大利亚/动作科幻
171,https://movie.douban.com/subject/1293318/,https://img1.doubanio.com/view/photo/s_ratio_poster/public/p1157334208.jpg,萤火虫之墓,火垂るの墓,8.7,333485,幸福是生生不息，却难以触及的远。,导演:高畑勋IsaoTakahata主演:辰己努/白石绫乃/志乃原良子1988/日本/动画剧情战争
172,https://movie.douban.com/subject/2209573/,https://img3.doubanio.com/view/photo/s_ratio_poster/public/p2434249040.jpg,贫民窟的百万富翁,Slumdog Millionaire,8.6,592098,上帝之城+猜火车+阿甘正传+开心辞典=山寨富翁,导演:丹尼·鲍尔DannyBoyle/洛芙琳·坦丹LoveleenTandan主演:戴夫...2008/英国/剧情爱情
173,https://movie.douban.com/subject/10463953/,https://img3.doubanio.com/view/photo/s_ratio_poster/public/p2255040492.jpg,模仿游戏,The Imitation Game,8.7,459354,他给机器起名“克里斯托弗”，因为这是他初恋的名字。,导演:莫滕·泰杜姆MortenTyldum主演:本尼迪克特·康伯巴奇BenedictC...2014/英国美国/剧情传记战争同性
174,https://movie.douban.com/subject/25773932/,https://img3.doubanio.com/view/photo/s_ratio_poster/public/p2220776342.jpg,爆裂鼓手,Whiplash,8.7,424090,这个世界从不善待努力的人，努力了也不一定会成功，但是知道自己在努力，就是活下去的动力。,导演:达米恩·查泽雷DamienChazelle主演:迈尔斯·特勒MilesTeller/...2014/美国/剧情音乐
175,https://movie.douban.com/subject/1292328/,https://img3.doubanio.com/view/photo/s_ratio_poster/public/p1982176012.jpg,东邪西毒,東邪西毒,8.6,455571,电影诗。,导演:王家卫KarWaiWong主演:张国荣LeslieCheung/林青霞Brigitte...1994/中国香港中国台湾/剧情动作爱情武侠古装
176,https://movie.douban.com/subject/1292401/,https://img3.doubanio.com/view/photo/s_ratio_poster/public/p475600770.jpg,真爱至上,Love Actually,8.6,545104,爱，是个动词。,导演:理查德·柯蒂斯RichardCurtis主演:休·格兰特HughGrant/柯林...2003/英国美国法国/喜剧剧情爱情
177,https://movie.douban.com/subject/1959195/,https://img3.doubanio.com/view/photo/s_ratio_poster/public/p1576418852.jpg,忠犬八公物语,ハチ公物語,9.2,141125,养狗三日，便会对你终其一生。,导演:SeijirôKôyama主演:山本圭KeiYamamoto/井川比佐志Hisa...1987/日本/剧情
178,https://movie.douban.com/subject/10437779/,https://img1.doubanio.com/view/photo/s_ratio_poster/public/p1903379979.jpg,新世界,신세계,8.8,259745,要做就做得狠一点，这样才能活下去。,导演:朴勋政Hoon-jungPark主演:李政宰Jung-JaeLee/崔岷植Min-sik...2013/韩国/剧情犯罪
179,https://movie.douban.com/subject/1978709/,https://img9.doubanio.com/view/photo/s_ratio_poster/public/p2549648344.jpg,黑天鹅,Black Swan,8.6,654984,黑暗之美。,导演:达伦·阿罗诺夫斯基DarrenAronofsky主演:娜塔莉·波特曼Natalie...2010/美国/剧情惊悚
180,https://movie.douban.com/subject/10533913/,https://img9.doubanio.com/view/photo/s_ratio_poster/public/p2266293606.jpg,头脑特工队,Inside Out,8.7,440326,愿我们都不用长大，每一座城堡都能永远存在。,导演:彼特·道格特PeteDocter/罗纳尔多·德尔·卡门RonaldoDelCarmen&nb...2015/美国/喜剧动画冒险
181,https://movie.douban.com/subject/25895901/,https://img2.doubanio.com/view/photo/s_ratio_poster/public/p2242546753.jpg,海街日记,海街diary,8.8,305434,是枝裕和的家庭习作。,导演:是枝裕和HirokazuKoreeda主演:绫濑遥HarukaAyase/长泽雅美M...2015/日本/剧情家庭
182,https://movie.douban.com/subject/4848115/,https://img3.doubanio.com/view/photo/s_ratio_poster/public/p709670262.jpg,你看起来好像很好吃,おまえうまそうだな,8.9,259441,感情不分食草或者食肉。,导演:藤森雅也MasayaFujimori主演:山口胜平KappeiYamaguchi/爱河...2010/日本/剧情动画儿童
183,https://movie.douban.com/subject/6534248/,https://img9.doubanio.com/view/photo/s_ratio_poster/public/p1735642656.jpg,无敌破坏王,Wreck-It Ralph,8.7,402919,迪士尼和皮克斯拿错剧本的产物。,导演:瑞奇·莫尔RichMoore主演:约翰·C·赖利JohnC.Reilly/萨拉...2012/美国/喜剧动画奇幻冒险
184,https://movie.douban.com/subject/1291870/,https://img3.doubanio.com/view/photo/s_ratio_poster/public/p2353324612.jpg,雨人,Rain Man,8.7,321116,生活在自己的世界里，也可以让周围的人显得可笑和渺小。,导演:巴瑞·莱文森BarryLevinson主演:达斯汀·霍夫曼DustinHoffman...1988/美国/剧情
185,https://movie.douban.com/subject/1293181/,https://img9.doubanio.com/view/photo/s_ratio_poster/public/p1021883305.jpg,惊魂记,Psycho,9.0,182300,故事的反转与反转，分裂电影的始祖。,导演:阿尔弗雷德·希区柯克AlfredHitchcock主演:安东尼·博金斯Antho...1960/美国/悬疑惊悚恐怖
186,https://movie.douban.com/subject/1291578/,https://img1.doubanio.com/view/photo/s_ratio_poster/public/p1910895719.jpg,冰川时代,Ice Age,8.6,479776,松鼠才是角儿。,导演:卡洛斯·沙尔丹哈CarlosSaldanha/克里斯·韦奇ChrisWedge主演...2002/美国/喜剧动画冒险
187,https://movie.douban.com/subject/1309163/,https://img9.doubanio.com/view/photo/s_ratio_poster/public/p483604864.jpg,恋恋笔记本,The Notebook,8.5,501610,爱情没有那么多借口，如果不能圆满，只能说明爱的不够。,导演:尼克·卡索维茨NickCassavetes主演:瑞恩·高斯林RyanGosling/...2004/美国/剧情爱情
188,https://movie.douban.com/subject/27622447/,https://img9.doubanio.com/view/photo/s_ratio_poster/public/p2530599636.jpg,小偷家族,万引き家族,8.7,623128,我们组成了家。,导演:是枝裕和HirokazuKoreeda主演:中川雅也LilyFranky/安藤樱Sa...2018/日本/剧情犯罪家庭
189,https://movie.douban.com/subject/1300374/,https://img3.doubanio.com/view/photo/s_ratio_poster/public/p767586451.jpg,绿里奇迹,The Green Mile,8.8,217690,天使暂时离开。,导演:FrankDarabont主演:汤姆·汉克斯TomHanks/大卫·摩斯DavidM...1999/美国/犯罪剧情奇幻悬疑
190,https://movie.douban.com/subject/3011051/,https://img9.doubanio.com/view/photo/s_ratio_poster/public/p462470694.jpg,恐怖游轮,Triangle,8.5,601411,不要企图在重复中寻找已经失去的爱。,导演:克里斯托弗·史密斯ChristopherSmith主演:梅利莎·乔治Melissa...2009/英国澳大利亚/剧情悬疑惊悚
191,https://movie.douban.com/subject/25980443/,https://img9.doubanio.com/view/photo/s_ratio_poster/public/p2421855655.jpg,海边的曼彻斯特,Manchester by the Sea,8.6,369678,我们都有权利不与自己的过去和解。,导演:肯尼斯·罗纳根KennethLonergan主演:卡西·阿弗莱克CaseyAffle...2016/美国/剧情家庭
192,https://movie.douban.com/subject/1862151/,https://img2.doubanio.com/view/photo/s_ratio_poster/public/p712241453.jpg,疯狂的石头,Crazy Stone,8.5,607957,中国版《两杆大烟枪》。,导演:宁浩HaoNing主演:郭涛TaoGuo/刘桦HuaLiu/连晋TeddyLin2006/中国大陆中国香港/喜剧犯罪
193,https://movie.douban.com/subject/26787574/,https://img1.doubanio.com/view/photo/s_ratio_poster/public/p2507709428.jpg,奇迹男孩,Wonder,8.6,439009,世界不完美，爱会有奇迹。,导演:斯蒂芬·卓博斯基StephenChbosky主演:雅各布·特伦布莱JacobTr...2017/美国中国香港/剧情儿童家庭
194,https://movie.douban.com/subject/26430107/,https://img1.doubanio.com/view/photo/s_ratio_poster/public/p2457609817.jpg,二十二,Twenty Two  /  22,8.7,224962,有一些东西不应该被遗忘。,导演:郭柯KeGuo主演:2015/中国大陆/纪录片
195,https://movie.douban.com/subject/25724855/,https://img9.doubanio.com/view/photo/s_ratio_poster/public/p2259715855.jpg,房间,Room,8.8,303039,被偷走的岁月，被伤害的生命，被禁锢的灵魂，终将被希望和善意救赎。,导演:伦尼·阿伯拉罕森LennyAbrahamson主演:布丽·拉尔森BrieLarson...2015/爱尔兰加拿大英国美国/剧情家庭
196,https://movie.douban.com/subject/10808442/,https://img1.doubanio.com/view/photo/s_ratio_poster/public/p2074715729.jpg,爱在午夜降临前,Before Midnight,8.8,251472,所谓爱情，就是话唠一路，都不会心生腻烦，彼此嫌弃。,导演:理查德·林克莱特RichardLinklater主演:伊桑·霍克EthanHawke...2013/美国希腊/剧情爱情
197,https://movie.douban.com/subject/1307811/,https://img3.doubanio.com/view/photo/s_ratio_poster/public/p456676352.jpg,魔女宅急便,魔女の宅急便,8.6,352167,宫崎骏的电影总让人感觉世界是美好的，阳光明媚的。,导演:宫崎骏HayaoMiyazaki主演:高山南MinamiTakayama/佐久间玲Re...1989/日本/动画奇幻冒险
198,https://movie.douban.com/subject/1293460/,https://img9.doubanio.com/view/photo/s_ratio_poster/public/p1612355875.jpg,雨中曲,Singin' in the Rain,9.0,156659,骨灰级歌舞片。,导演:斯坦利·多南StanleyDonen/吉恩·凯利GeneKelly主演:吉恩·...1952/美国/喜剧歌舞爱情
199,https://movie.douban.com/subject/1296909/,https://img3.doubanio.com/view/photo/s_ratio_poster/public/p2399597512.jpg,虎口脱险,La grande vadrouille,8.9,179785,永远看不腻的喜剧。,导演:杰拉尔·乌里GérardOury主演:路易·德·菲耐斯LouisdeFunès...1966/法国英国/喜剧战争
200,https://movie.douban.com/subject/1302827/,https://img1.doubanio.com/view/photo/s_ratio_poster/public/p792257137.jpg,人工智能,Artificial Intelligence: AI,8.6,333433,对爱的执着，可以超越一切。,导演:史蒂文·斯皮尔伯格StevenSpielberg主演:海利·乔·奥斯蒙Haley...2001/美国/剧情科幻
201,https://movie.douban.com/subject/1291879/,https://img3.doubanio.com/view/photo/s_ratio_poster/public/p1598883511.jpg,罗生门,羅生門,8.8,231512,人生的N种可能性。,导演:黑泽明AkiraKurosawa主演:三船敏郎ToshirôMifune/京町子...1950/日本/剧情犯罪悬疑
202,https://movie.douban.com/subject/1291844/,https://img9.doubanio.com/view/photo/s_ratio_poster/public/p1910909085.jpg,终结者2：审判日,Terminator 2: Judgment Day,8.7,266719,少见的超越首部的续集，动作片中的经典。,导演:詹姆斯·卡梅隆JamesCameron主演:阿诺·施瓦辛格ArnoldSchwarz...1991/美国法国/动作科幻
203,https://movie.douban.com/subject/1308857/,https://img9.doubanio.com/view/photo/s_ratio_poster/public/p2363208684.jpg,可可西里,Kekexili: Mountain Patrol,8.8,223038,坚硬的信仰。,导演:陆川ChuanLu主演:多布杰Duobujie/张磊LeiZhang/亓亮QiL...2004/中国大陆中国香港/剧情犯罪
204,https://movie.douban.com/subject/4739952/,https://img2.doubanio.com/view/photo/s_ratio_poster/public/p1505312273.jpg,初恋这件小事,สิ่งเล็กเล็กที่เรียกว่า...รัก,8.4,795095,黑小鸭速效美白记。,导演:普特鹏·普罗萨卡·那·萨克那卡林PuttipongPromsakaNaSakolnakorn/华森·波克彭...2010/泰国/剧情喜剧爱情
205,https://movie.douban.com/subject/1292226/,https://img9.doubanio.com/view/photo/s_ratio_poster/public/p2560717825.jpg,2001太空漫游,2001: A Space Odyssey,8.8,216965,现代科幻电影的开山之作，最伟大导演的最伟大影片。,导演:斯坦利·库布里克StanleyKubrick主演:凯尔·杜拉KeirDullea/...1968/英国美国/科幻惊悚冒险
206,https://movie.douban.com/subject/1293908/,https://img1.doubanio.com/view/photo/s_ratio_poster/public/p2170238828.jpg,城市之光,City Lights,9.3,97629,永远的小人物，伟大的卓别林。,导演:CharlesChaplin主演:查理·卓别林CharlesChaplin/弗吉尼亚·...1931/美国/喜剧剧情爱情
207,https://movie.douban.com/subject/1309055/,https://img1.doubanio.com/view/photo/s_ratio_poster/public/p2220723219.jpg,哈利·波特与火焰杯,Harry Potter and the Goblet of Fire,8.6,396610,,导演:迈克·内威尔MikeNewell主演:丹尼尔·雷德克里夫DanielRadclif...2005/英国美国/悬疑奇幻冒险
208,https://movie.douban.com/subject/1293964/,https://img1.doubanio.com/view/photo/s_ratio_poster/public/p2351134499.jpg,魂断蓝桥,Waterloo Bridge,8.8,211014,中国式内在的美国电影。,导演:茂文·勒鲁瓦MervynLeRoy主演:费雯·丽VivienLeigh/罗伯特·...1940/美国/剧情爱情战争
209,https://movie.douban.com/subject/1828115/,https://img9.doubanio.com/view/photo/s_ratio_poster/public/p453716305.jpg,色，戒,色|戒  /  色·戒,8.5,520314,假戏真情，爱欲深海,导演:李安AngLee主演:梁朝伟TonyLeungChiuWai/汤唯WeiTang/...2007/中国台湾中国大陆美国中国香港/剧情爱情情色
210,https://movie.douban.com/subject/3443389/,https://img9.doubanio.com/view/photo/s_ratio_poster/public/p1139181294.jpg,海洋,Océans,9.1,133849,大海啊，不全是水。,导演:雅克·贝汉JacquesPerrin/雅克·克鲁奥德JacquesCluzaud主演:...2009/法国瑞士西班牙美国阿联酋/纪录片
211,https://movie.douban.com/subject/1292329/,https://img9.doubanio.com/view/photo/s_ratio_poster/public/p848381236.jpg,牯岭街少年杀人事件,牯嶺街少年殺人事件,8.8,195889,弱者送给弱者的一刀。,导演:杨德昌EdwardYang主演:张震ChenChang/杨静怡LisaYang/张...1991/中国台湾/剧情犯罪
212,https://movie.douban.com/subject/1297518/,https://img3.doubanio.com/view/photo/s_ratio_poster/public/p648370300.jpg,九品芝麻官,九品芝麻官之白面包青天  /  Hail the Judge,8.5,426736,,导演:王晶JingWong主演:周星驰StephenChow/吴孟达ManTatNg/...1994/中国香港/剧情喜剧古装
213,https://movie.douban.com/subject/1295865/,https://img1.doubanio.com/view/photo/s_ratio_poster/public/p1023654037.jpg,燃情岁月,Legends of the Fall,8.8,224457,传奇，不是每个人都可以拥有。,导演:爱德华·兹威克EdwardZwick主演:布拉德·皮特BradPitt/安东...1994/美国/剧情爱情战争西部
214,https://movie.douban.com/subject/1292287/,https://img1.doubanio.com/view/photo/s_ratio_poster/public/p1421018669.jpg,新龙门客栈,新龍門客棧,8.6,335424,嬉笑怒骂，调风动月。,导演:李惠民RaymondLee主演:张曼玉MaggieCheung/林青霞Brigitte...1992/中国香港中国大陆/动作爱情武侠古装
215,https://movie.douban.com/subject/3075287/,https://img9.doubanio.com/view/photo/s_ratio_poster/public/p988260245.jpg,源代码,Source Code,8.5,633451,邓肯·琼斯继《月球》之后再度奉献出一部精彩绝伦的科幻佳作。,导演:邓肯·琼斯DuncanJones主演:杰克·吉伦哈尔JakeGyllenhaal/...2011/美国加拿大/科幻悬疑惊悚
216,https://movie.douban.com/subject/1303394/,https://img3.doubanio.com/view/photo/s_ratio_poster/public/p2570901292.jpg,青蛇,Green Snake,8.6,390072,人生如此，浮生如斯。谁人言，花彼岸，此生情长意短。谁都是不懂爱的罢了。,导演:徐克HarkTsui主演:张曼玉MaggieCheung/王祖贤JoeyWang/...1993/中国香港中国大陆/剧情爱情奇幻古装
217,https://movie.douban.com/subject/1867345/,https://img3.doubanio.com/view/photo/s_ratio_poster/public/p1208653481.jpg,遗愿清单,The Bucket List,8.6,290237,用剩余不多的时间，去燃烧整个生命。,导演:罗伯·莱纳RobReiner主演:杰克·尼科尔森JackNicholson/摩根...2007/美国/冒险喜剧剧情
218,https://movie.douban.com/subject/1937946/,https://img1.doubanio.com/view/photo/s_ratio_poster/public/p2079334409.jpg,穿越时空的少女,時をかける少女,8.6,307718,爱上未来的你。,导演:细田守MamoruHosoda主演:仲里依纱RiisaNaka/石田卓也Takuya...2006/日本/剧情爱情科幻动画
219,https://movie.douban.com/subject/1438652/,https://img1.doubanio.com/view/photo/s_ratio_poster/public/p2575043939.jpg,无耻混蛋,Inglourious Basterds,8.6,367825,昆汀同学越来越变态了，比北野武还杜琪峰。,导演:QuentinTarantino主演:布拉德·皮特BradPitt/梅拉尼·罗兰M...2009/德国美国/剧情犯罪
220,https://movie.douban.com/subject/27059130/,https://img3.doubanio.com/view/photo/s_ratio_poster/public/p2505928032.jpg,大佛普拉斯,The Great Buddha+,8.7,297521,人们可以登上月球，却永远无法探索人们内心的宇宙。,导演:黄信尧Hsin-yaoHuang主演:庄益增YizengZhuang/陈竹昇Chu-sh...2017/中国台湾/剧情喜剧
221,https://movie.douban.com/subject/1305690/,https://img2.doubanio.com/view/photo/s_ratio_poster/public/p2525770523.jpg,阿飞正传,阿飛正傳,8.5,377876,王家卫是一种风格，张国荣是一个代表。,导演:王家卫KarWaiWong主演:张国荣LeslieCheung/张曼玉MaggieC...1990/中国香港/犯罪剧情爱情
222,https://movie.douban.com/subject/26614893/,https://img9.doubanio.com/view/photo/s_ratio_poster/public/p2522331945.jpg,完美陌生人,Perfetti sconosciuti,8.5,421719,来啊，互相伤害啊！,导演:保罗·格诺维瑟PaoloGenovese主演:马可·贾利尼MarcoGiallini...2016/意大利/剧情喜剧
223,https://movie.douban.com/subject/1428175/,https://img2.doubanio.com/view/photo/s_ratio_poster/public/p1244017073.jpg,血钻,Blood Diamond,8.7,271017,每个美丽事物背后都是滴血的现实。,导演:爱德华·兹威克EdwardZwick主演:莱昂纳多·迪卡普里奥Leonardo...2006/美国德国/剧情惊悚冒险
224,https://movie.douban.com/subject/3592854/,https://img2.doubanio.com/view/photo/s_ratio_poster/public/p2236181653.jpg,疯狂的麦克斯4：狂暴之路,Mad Max: Fury Road,8.6,391579,“多么美好的一天！”轰轰轰砰咚，啪哒哒哒轰隆隆，磅~,导演:乔治·米勒GeorgeMiller主演:汤姆·哈迪TomHardy/查理兹·塞...2015/澳大利亚南非/动作科幻冒险
225,https://movie.douban.com/subject/1308767/,https://img9.doubanio.com/view/photo/s_ratio_poster/public/p667644866.jpg,谍影重重2,The Bourne Supremacy,8.7,273721,谁说王家卫镜头很晃？,导演:保罗·格林格拉斯PaulGreengrass主演:马特·达蒙MattDamon/...2004/美国德国/动作悬疑惊悚
226,https://movie.douban.com/subject/2222996/,https://img9.doubanio.com/view/photo/s_ratio_poster/public/p926535516.jpg,步履不停,歩いても 歩いても,8.8,196186,日本的家庭电影已经是世界巅峰了，步履不停是巅峰中的佳作。,导演:是枝裕和HirokazuKoreeda主演:阿部宽HiroshiAbe/夏川结衣Yu...2008/日本/剧情家庭
227,https://movie.douban.com/subject/1760622/,https://img2.doubanio.com/view/photo/s_ratio_poster/public/p2571500223.jpg,香水,Perfume: The Story of a Murderer,8.5,438088,一个单凭体香达到高潮的男人。,导演:汤姆·提克威TomTykwer主演:本·卫肖BenWhishaw/艾伦·瑞克...2006/德国法国西班牙美国/剧情犯罪奇幻
228,https://movie.douban.com/subject/2363506/,https://img9.doubanio.com/view/photo/s_ratio_poster/public/p1973489335.jpg,地球上的星星,Taare Zameen Par,8.9,158792,天使保护事件始末。,导演:阿米尔·汗AamirKhan主演:达席尔·萨法瑞DarsheelSafary/阿...2007/印度/剧情儿童家庭
229,https://movie.douban.com/subject/25807345/,https://img9.doubanio.com/view/photo/s_ratio_poster/public/p2187896734.jpg,彗星来的那一夜,Coherence,8.5,388160,小成本大魅力。,导演:詹姆斯·沃德·布柯特JamesWardByrkit主演:艾米丽·芭尔多尼Em...2013/美国英国/科幻悬疑惊悚
230,https://movie.douban.com/subject/1419936/,https://img3.doubanio.com/view/photo/s_ratio_poster/public/p792282381.jpg,战争之王,Lord of War,8.7,272169,做一颗让别人需要你的棋子。,导演:安德鲁·尼科尔AndrewNiccol主演:尼古拉斯·凯奇NicolasCage/...2005/美国法国/剧情犯罪
231,https://movie.douban.com/subject/1304102/,https://img3.doubanio.com/view/photo/s_ratio_poster/public/p1597183981.jpg,谍影重重,The Bourne Identity,8.6,327007,哗啦啦啦啦，天在下雨，哗啦啦啦啦，云在哭泣……找自己。,导演:道格·里曼DougLiman主演:马特·达蒙MattDamon/弗兰卡·波坦...2002/美国德国捷克/动作悬疑惊悚
232,https://movie.douban.com/subject/5300054/,https://img2.doubanio.com/view/photo/s_ratio_poster/public/p2549558913.jpg,波西米亚狂想曲,Bohemian Rhapsody,8.7,436685,,导演:布莱恩·辛格BryanSinger主演:拉米·马雷克RamiMalek/本·哈...2018/英国美国/剧情传记同性音乐
233,https://movie.douban.com/subject/2213597/,https://img1.doubanio.com/view/photo/s_ratio_poster/public/p1140984198.jpg,朗读者,The Reader,8.6,380649,当爱情跨越年龄的界限，它似乎能变得更久远一点，成为一种责任，一种水到渠成的相濡以沫。,导演:史蒂芬·戴德利StephenDaldry主演:凯特·温丝莱特KateWinslet...2008/美国德国/剧情爱情
234,https://movie.douban.com/subject/1292528/,https://img1.doubanio.com/view/photo/s_ratio_poster/public/p513567548.jpg,猜火车,Trainspotting,8.5,348025,不可猜的青春迷笛。,导演:丹尼·博伊尔DannyBoyle主演:伊万·麦克格雷格EwanMcGregor/...1996/英国/剧情犯罪
235,https://movie.douban.com/subject/2297265/,https://img2.doubanio.com/view/photo/s_ratio_poster/public/p1344888983.jpg,浪潮,Die Welle,8.7,212344,世界离独裁只有五天。,导演:丹尼斯·甘塞尔DennisGansel主演:尤尔根·沃格尔JürgenVogel...2008/德国/剧情惊悚
236,https://movie.douban.com/subject/1291568/,https://img9.doubanio.com/view/photo/s_ratio_poster/public/p1925331564.jpg,东京物语,東京物語,9.2,97973,东京那么大，如果有一天走失了，恐怕一辈子不能再相见。,导演:小津安二郎YasujirôOzu主演:笠智众ChishûRyû/原节...1953/日本/剧情家庭
237,https://movie.douban.com/subject/6874403/,https://img2.doubanio.com/view/photo/s_ratio_poster/public/p2250287733.jpg,再次出发之纽约遇见你,Begin Again,8.6,322271,爱我就给我看你的播放列表。,导演:约翰·卡尼JohnCarney主演:凯拉·奈特莉KeiraKnightley/马克...2013/美国/喜剧爱情音乐
238,https://movie.douban.com/subject/25954475/,https://img1.doubanio.com/view/photo/s_ratio_poster/public/p2263822658.jpg,聚焦,Spotlight,8.8,218829,新闻人的理性求真。,导演:托马斯·麦卡锡ThomasMcCarthy主演:马克·鲁弗洛MarkRuffalo/...2015/美国/剧情传记
239,https://movie.douban.com/subject/25921812/,https://img3.doubanio.com/view/photo/s_ratio_poster/public/p2393044761.jpg,驴得水,Mr. Donkey,8.3,701811,过去的如果就让它过去了，未来只会越来越糟！,导演:周申ShenZhou/刘露LuLiu主演:任素汐SuxiRen/大力DaLi...2016/中国大陆/剧情喜剧
240,https://movie.douban.com/subject/26393561/,https://img9.doubanio.com/view/photo/s_ratio_poster/public/p2510956726.jpg,小萝莉的猴神大叔,Bajrangi Bhaijaan,8.4,378990,宝莱坞的萝莉与大叔。,导演:卡比尔·汗KabirKhan主演:萨尔曼·汗SalmanKhan/哈莎莉·马...2015/印度/剧情喜剧动作
241,https://movie.douban.com/subject/1300117/,https://img9.doubanio.com/view/photo/s_ratio_poster/public/p2195672555.jpg,千钧一发,Gattaca,8.8,190552,一部能引人思考的科幻励志片。,导演:安德鲁·尼科尔AndrewNiccol主演:伊桑·霍克EthanHawke/乌玛...1997/美国/剧情科幻惊悚
242,https://movie.douban.com/subject/1397546/,https://img3.doubanio.com/view/photo/s_ratio_poster/public/p2561545031.jpg,追随,Following,8.9,141171,诺兰的牛逼来源于内心散发出的恐惧。,导演:克里斯托弗·诺兰ChristopherNolan主演:杰里米·西奥伯德Jeremy...1998/英国/犯罪悬疑惊悚
243,https://movie.douban.com/subject/1304141/,https://img3.doubanio.com/view/photo/s_ratio_poster/public/p443461390.jpg,黑客帝国2：重装上阵,The Matrix Reloaded,8.6,278279,一个精彩的世界观正在缓缓建立。,导演:AndyWachowski/LarryWachowski主演:基努·里维斯KeanuReeves...2003/美国澳大利亚/动作科幻
244,https://movie.douban.com/subject/5908478/,https://img1.doubanio.com/view/photo/s_ratio_poster/public/p1075591188.jpg,我爱你,그대를 사랑합니다,9.0,118113,你要相信，这世上真的有爱存在，不管在什么年纪,导演:秋昌民Chang-minChoo主演:宋在河Jae-hoSong/李顺载Soon-jae...2011/韩国/剧情爱情
245,https://movie.douban.com/subject/1291824/,https://img3.doubanio.com/view/photo/s_ratio_poster/public/p1910900710.jpg,黑鹰坠落,Black Hawk Down,8.7,223468,还原真实而残酷的战争。,导演:雷德利·斯科特RidleyScott主演:乔什·哈奈特JoshHartnett/...2001/美国/动作历史战争
246,https://movie.douban.com/subject/27010768/,https://img3.doubanio.com/view/photo/s_ratio_poster/public/p2561439800.jpg,寄生虫,기생충,8.7,1025260,,导演:奉俊昊Joon-hoBong主演:宋康昊Kang-hoSong/李善均Seon-gyun...2019/韩国/剧情喜剧
247,https://movie.douban.com/subject/5964718/,https://img9.doubanio.com/view/photo/s_ratio_poster/public/p2189835254.jpg,一次别离,جدایی نادر از سیمین,8.7,205005,只有有信仰的人才能说出事实真相。,导演:阿斯哈·法哈蒂AsgharFarhadi主演:佩曼·莫阿迪PeymanMoadi/...2011/伊朗法国/剧情家庭
248,https://movie.douban.com/subject/27615441/,https://img1.doubanio.com/view/photo/s_ratio_poster/public/p2542848758.jpg,网络谜踪,Searching,8.6,402054,,导演:阿尼什·查甘蒂AneeshChaganty主演:约翰·赵JohnCho/米切尔...2018/美国俄罗斯/剧情犯罪悬疑惊悚
249,https://movie.douban.com/subject/1292233/,https://img9.doubanio.com/view/photo/s_ratio_poster/public/p529908155.jpg,发条橙,A Clockwork Orange,8.6,293103,我完全康复了。,导演:斯坦利·库布里克StanleyKubrick主演:马尔科姆·麦克道威尔Malc...1971/英国美国/犯罪剧情科幻
250,https://movie.douban.com/subject/27191492/,https://img1.doubanio.com/view/photo/s_ratio_poster/public/p2540578887.jpg,四个春天,Four Springs,8.9,126353,来也匆匆去也匆匆，就这样风雨兼程。,导演:陆庆屹LuQingYi主演:陆运坤YunkunLu/李桂贤GuixianLi/...2017/中国大陆/纪录片家庭
